,datetime,Date,Time,Temp,rain,Day of the Week,School Holiday,Public Holiday,Weekend,type_of_day
0,2023-12-25 10:00:00,2023-12-25,10:00:00,29,0,Monday,1,1,0,1
1,2023-12-25 10:01:00,2023-12-25,10:01:00,29,0,Monday,1,1,0,1
2,2023-12-25 10:02:00,2023-12-25,10:02:00,29,0,Monday,1,1,0,1
3,2023-12-25 10:03:00,2023-12-25,10:03:00,29,0,Monday,1,1,0,1
4,2023-12-25 10:04:00,2023-12-25,10:04:00,29,0,Monday,1,1,0,1
5,2023-12-25 10:05:00,2023-12-25,10:05:00,29,0,Monday,1,1,0,1
6,2023-12-25 10:06:00,2023-12-25,10:06:00,29,0,Monday,1,1,0,1
7,2023-12-25 10:07:00,2023-12-25,10:07:00,29,0,Monday,1,1,0,1
8,2023-12-25 10:08:00,2023-12-25,10:08:00,29,0,Monday,1,1,0,1
9,2023-12-25 10:09:00,2023-12-25,10:09:00,29,0,Monday,1,1,0,1
10,2023-12-25 10:10:00,2023-12-25,10:10:00,29,0,Monday,1,1,0,1
11,2023-12-25 10:11:00,2023-12-25,10:11:00,29,0,Monday,1,1,0,1
12,2023-12-25 10:12:00,2023-12-25,10:12:00,29,0,Monday,1,1,0,1
13,2023-12-25 10:13:00,2023-12-25,10:13:00,29,0,Monday,1,1,0,1
14,2023-12-25 10:14:00,2023-12-25,10:14:00,29,0,Monday,1,1,0,1
15,2023-12-25 10:15:00,2023-12-25,10:15:00,29,0,Monday,1,1,0,1
16,2023-12-25 10:16:00,2023-12-25,10:16:00,29,0,Monday,1,1,0,1
17,2023-12-25 10:17:00,2023-12-25,10:17:00,29,0,Monday,1,1,0,1
18,2023-12-25 10:18:00,2023-12-25,10:18:00,29,0,Monday,1,1,0,1
19,2023-12-25 10:19:00,2023-12-25,10:19:00,29,0,Monday,1,1,0,1
20,2023-12-25 10:20:00,2023-12-25,10:20:00,29,0,Monday,1,1,0,1
21,2023-12-25 10:21:00,2023-12-25,10:21:00,29,0,Monday,1,1,0,1
22,2023-12-25 10:22:00,2023-12-25,10:22:00,29,0,Monday,1,1,0,1
23,2023-12-25 10:23:00,2023-12-25,10:23:00,29,0,Monday,1,1,0,1
24,2023-12-25 10:24:00,2023-12-25,10:24:00,29,0,Monday,1,1,0,1
25,2023-12-25 10:25:00,2023-12-25,10:25:00,29,0,Monday,1,1,0,1
26,2023-12-25 10:26:00,2023-12-25,10:26:00,29,0,Monday,1,1,0,1
27,2023-12-25 10:27:00,2023-12-25,10:27:00,29,0,Monday,1,1,0,1
28,2023-12-25 10:28:00,2023-12-25,10:28:00,29,0,Monday,1,1,0,1
29,2023-12-25 10:29:00,2023-12-25,10:29:00,29,0,Monday,1,1,0,1
30,2023-12-25 10:30:00,2023-12-25,10:30:00,29,0,Monday,1,1,0,1
31,2023-12-25 10:31:00,2023-12-25,10:31:00,29,0,Monday,1,1,0,1
32,2023-12-25 10:32:00,2023-12-25,10:32:00,29,0,Monday,1,1,0,1
33,2023-12-25 10:33:00,2023-12-25,10:33:00,29,0,Monday,1,1,0,1
34,2023-12-25 10:34:00,2023-12-25,10:34:00,29,0,Monday,1,1,0,1
35,2023-12-25 10:35:00,2023-12-25,10:35:00,29,0,Monday,1,1,0,1
36,2023-12-25 10:36:00,2023-12-25,10:36:00,29,0,Monday,1,1,0,1
37,2023-12-25 10:37:00,2023-12-25,10:37:00,29,0,Monday,1,1,0,1
38,2023-12-25 10:38:00,2023-12-25,10:38:00,29,0,Monday,1,1,0,1
39,2023-12-25 10:39:00,2023-12-25,10:39:00,29,0,Monday,1,1,0,1
40,2023-12-25 10:40:00,2023-12-25,10:40:00,29,0,Monday,1,1,0,1
41,2023-12-25 10:41:00,2023-12-25,10:41:00,29,0,Monday,1,1,0,1
42,2023-12-25 10:42:00,2023-12-25,10:42:00,29,0,Monday,1,1,0,1
43,2023-12-25 10:43:00,2023-12-25,10:43:00,29,0,Monday,1,1,0,1
44,2023-12-25 10:44:00,2023-12-25,10:44:00,29,0,Monday,1,1,0,1
45,2023-12-25 10:45:00,2023-12-25,10:45:00,29,0,Monday,1,1,0,1
46,2023-12-25 10:46:00,2023-12-25,10:46:00,29,0,Monday,1,1,0,1
47,2023-12-25 10:47:00,2023-12-25,10:47:00,29,0,Monday,1,1,0,1
48,2023-12-25 10:48:00,2023-12-25,10:48:00,29,0,Monday,1,1,0,1
49,2023-12-25 10:49:00,2023-12-25,10:49:00,29,0,Monday,1,1,0,1
50,2023-12-25 10:50:00,2023-12-25,10:50:00,29,0,Monday,1,1,0,1
51,2023-12-25 10:51:00,2023-12-25,10:51:00,29,0,Monday,1,1,0,1
52,2023-12-25 10:52:00,2023-12-25,10:52:00,29,0,Monday,1,1,0,1
53,2023-12-25 10:53:00,2023-12-25,10:53:00,29,0,Monday,1,1,0,1
54,2023-12-25 10:54:00,2023-12-25,10:54:00,29,0,Monday,1,1,0,1
55,2023-12-25 10:55:00,2023-12-25,10:55:00,29,0,Monday,1,1,0,1
56,2023-12-25 10:56:00,2023-12-25,10:56:00,29,0,Monday,1,1,0,1
57,2023-12-25 10:57:00,2023-12-25,10:57:00,29,0,Monday,1,1,0,1
58,2023-12-25 10:58:00,2023-12-25,10:58:00,29,0,Monday,1,1,0,1
59,2023-12-25 10:59:00,2023-12-25,10:59:00,29,0,Monday,1,1,0,1
60,2023-12-25 11:00:00,2023-12-25,11:00:00,29,0,Monday,1,1,0,1
61,2023-12-25 11:01:00,2023-12-25,11:01:00,29,0,Monday,1,1,0,1
62,2023-12-25 11:02:00,2023-12-25,11:02:00,29,0,Monday,1,1,0,1
63,2023-12-25 11:03:00,2023-12-25,11:03:00,29,0,Monday,1,1,0,1
64,2023-12-25 11:04:00,2023-12-25,11:04:00,29,0,Monday,1,1,0,1
65,2023-12-25 11:05:00,2023-12-25,11:05:00,29,0,Monday,1,1,0,1
66,2023-12-25 11:06:00,2023-12-25,11:06:00,29,0,Monday,1,1,0,1
67,2023-12-25 11:07:00,2023-12-25,11:07:00,29,0,Monday,1,1,0,1
68,2023-12-25 11:08:00,2023-12-25,11:08:00,29,0,Monday,1,1,0,1
69,2023-12-25 11:09:00,2023-12-25,11:09:00,29,0,Monday,1,1,0,1
70,2023-12-25 11:10:00,2023-12-25,11:10:00,29,0,Monday,1,1,0,1
71,2023-12-25 11:11:00,2023-12-25,11:11:00,29,0,Monday,1,1,0,1
72,2023-12-25 11:12:00,2023-12-25,11:12:00,29,0,Monday,1,1,0,1
73,2023-12-25 11:13:00,2023-12-25,11:13:00,29,0,Monday,1,1,0,1
74,2023-12-25 11:14:00,2023-12-25,11:14:00,29,0,Monday,1,1,0,1
75,2023-12-25 11:15:00,2023-12-25,11:15:00,29,0,Monday,1,1,0,1
76,2023-12-25 11:16:00,2023-12-25,11:16:00,29,0,Monday,1,1,0,1
77,2023-12-25 11:17:00,2023-12-25,11:17:00,29,0,Monday,1,1,0,1
78,2023-12-25 11:18:00,2023-12-25,11:18:00,29,0,Monday,1,1,0,1
79,2023-12-25 11:19:00,2023-12-25,11:19:00,29,0,Monday,1,1,0,1
80,2023-12-25 11:20:00,2023-12-25,11:20:00,29,0,Monday,1,1,0,1
81,2023-12-25 11:21:00,2023-12-25,11:21:00,29,0,Monday,1,1,0,1
82,2023-12-25 11:22:00,2023-12-25,11:22:00,29,0,Monday,1,1,0,1
83,2023-12-25 11:23:00,2023-12-25,11:23:00,29,0,Monday,1,1,0,1
84,2023-12-25 11:24:00,2023-12-25,11:24:00,29,0,Monday,1,1,0,1
85,2023-12-25 11:25:00,2023-12-25,11:25:00,29,0,Monday,1,1,0,1
86,2023-12-25 11:26:00,2023-12-25,11:26:00,29,0,Monday,1,1,0,1
87,2023-12-25 11:27:00,2023-12-25,11:27:00,29,0,Monday,1,1,0,1
88,2023-12-25 11:28:00,2023-12-25,11:28:00,29,0,Monday,1,1,0,1
89,2023-12-25 11:29:00,2023-12-25,11:29:00,29,0,Monday,1,1,0,1
90,2023-12-25 11:30:00,2023-12-25,11:30:00,29,0,Monday,1,1,0,1
91,2023-12-25 11:31:00,2023-12-25,11:31:00,29,0,Monday,1,1,0,1
92,2023-12-25 11:32:00,2023-12-25,11:32:00,29,0,Monday,1,1,0,1
93,2023-12-25 11:33:00,2023-12-25,11:33:00,29,0,Monday,1,1,0,1
94,2023-12-25 11:34:00,2023-12-25,11:34:00,29,0,Monday,1,1,0,1
95,2023-12-25 11:35:00,2023-12-25,11:35:00,29,0,Monday,1,1,0,1
96,2023-12-25 11:36:00,2023-12-25,11:36:00,29,0,Monday,1,1,0,1
97,2023-12-25 11:37:00,2023-12-25,11:37:00,29,0,Monday,1,1,0,1
98,2023-12-25 11:38:00,2023-12-25,11:38:00,29,0,Monday,1,1,0,1
99,2023-12-25 11:39:00,2023-12-25,11:39:00,29,0,Monday,1,1,0,1
100,2023-12-25 11:40:00,2023-12-25,11:40:00,29,0,Monday,1,1,0,1
101,2023-12-25 11:41:00,2023-12-25,11:41:00,29,0,Monday,1,1,0,1
102,2023-12-25 11:42:00,2023-12-25,11:42:00,29,0,Monday,1,1,0,1
103,2023-12-25 11:43:00,2023-12-25,11:43:00,29,0,Monday,1,1,0,1
104,2023-12-25 11:44:00,2023-12-25,11:44:00,29,0,Monday,1,1,0,1
105,2023-12-25 11:45:00,2023-12-25,11:45:00,29,0,Monday,1,1,0,1
106,2023-12-25 11:46:00,2023-12-25,11:46:00,29,0,Monday,1,1,0,1
107,2023-12-25 11:47:00,2023-12-25,11:47:00,29,0,Monday,1,1,0,1
108,2023-12-25 11:48:00,2023-12-25,11:48:00,29,0,Monday,1,1,0,1
109,2023-12-25 11:49:00,2023-12-25,11:49:00,29,0,Monday,1,1,0,1
110,2023-12-25 11:50:00,2023-12-25,11:50:00,29,0,Monday,1,1,0,1
111,2023-12-25 11:51:00,2023-12-25,11:51:00,29,0,Monday,1,1,0,1
112,2023-12-25 11:52:00,2023-12-25,11:52:00,29,0,Monday,1,1,0,1
113,2023-12-25 11:53:00,2023-12-25,11:53:00,29,0,Monday,1,1,0,1
114,2023-12-25 11:54:00,2023-12-25,11:54:00,29,0,Monday,1,1,0,1
115,2023-12-25 11:55:00,2023-12-25,11:55:00,29,0,Monday,1,1,0,1
116,2023-12-25 11:56:00,2023-12-25,11:56:00,29,0,Monday,1,1,0,1
117,2023-12-25 11:57:00,2023-12-25,11:57:00,29,0,Monday,1,1,0,1
118,2023-12-25 11:58:00,2023-12-25,11:58:00,29,0,Monday,1,1,0,1
119,2023-12-25 11:59:00,2023-12-25,11:59:00,29,0,Monday,1,1,0,1
120,2023-12-25 12:00:00,2023-12-25,12:00:00,29,0,Monday,1,1,0,1
121,2023-12-25 12:01:00,2023-12-25,12:01:00,29,0,Monday,1,1,0,1
122,2023-12-25 12:02:00,2023-12-25,12:02:00,29,0,Monday,1,1,0,1
123,2023-12-25 12:03:00,2023-12-25,12:03:00,29,0,Monday,1,1,0,1
124,2023-12-25 12:04:00,2023-12-25,12:04:00,29,0,Monday,1,1,0,1
125,2023-12-25 12:05:00,2023-12-25,12:05:00,29,0,Monday,1,1,0,1
126,2023-12-25 12:06:00,2023-12-25,12:06:00,29,0,Monday,1,1,0,1
127,2023-12-25 12:07:00,2023-12-25,12:07:00,29,0,Monday,1,1,0,1
128,2023-12-25 12:08:00,2023-12-25,12:08:00,29,0,Monday,1,1,0,1
129,2023-12-25 12:09:00,2023-12-25,12:09:00,29,0,Monday,1,1,0,1
130,2023-12-25 12:10:00,2023-12-25,12:10:00,29,0,Monday,1,1,0,1
131,2023-12-25 12:11:00,2023-12-25,12:11:00,29,0,Monday,1,1,0,1
132,2023-12-25 12:12:00,2023-12-25,12:12:00,29,0,Monday,1,1,0,1
133,2023-12-25 12:13:00,2023-12-25,12:13:00,29,0,Monday,1,1,0,1
134,2023-12-25 12:14:00,2023-12-25,12:14:00,29,0,Monday,1,1,0,1
135,2023-12-25 12:15:00,2023-12-25,12:15:00,29,0,Monday,1,1,0,1
136,2023-12-25 12:16:00,2023-12-25,12:16:00,29,0,Monday,1,1,0,1
137,2023-12-25 12:17:00,2023-12-25,12:17:00,29,0,Monday,1,1,0,1
138,2023-12-25 12:18:00,2023-12-25,12:18:00,29,0,Monday,1,1,0,1
139,2023-12-25 12:19:00,2023-12-25,12:19:00,29,0,Monday,1,1,0,1
140,2023-12-25 12:20:00,2023-12-25,12:20:00,29,0,Monday,1,1,0,1
141,2023-12-25 12:21:00,2023-12-25,12:21:00,29,0,Monday,1,1,0,1
142,2023-12-25 12:22:00,2023-12-25,12:22:00,29,0,Monday,1,1,0,1
143,2023-12-25 12:23:00,2023-12-25,12:23:00,29,0,Monday,1,1,0,1
144,2023-12-25 12:24:00,2023-12-25,12:24:00,29,0,Monday,1,1,0,1
145,2023-12-25 12:25:00,2023-12-25,12:25:00,29,0,Monday,1,1,0,1
146,2023-12-25 12:26:00,2023-12-25,12:26:00,29,0,Monday,1,1,0,1
147,2023-12-25 12:27:00,2023-12-25,12:27:00,29,0,Monday,1,1,0,1
148,2023-12-25 12:28:00,2023-12-25,12:28:00,29,0,Monday,1,1,0,1
149,2023-12-25 12:29:00,2023-12-25,12:29:00,29,0,Monday,1,1,0,1
150,2023-12-25 12:30:00,2023-12-25,12:30:00,29,0,Monday,1,1,0,1
151,2023-12-25 12:31:00,2023-12-25,12:31:00,29,0,Monday,1,1,0,1
152,2023-12-25 12:32:00,2023-12-25,12:32:00,29,0,Monday,1,1,0,1
153,2023-12-25 12:33:00,2023-12-25,12:33:00,29,0,Monday,1,1,0,1
154,2023-12-25 12:34:00,2023-12-25,12:34:00,29,0,Monday,1,1,0,1
155,2023-12-25 12:35:00,2023-12-25,12:35:00,29,0,Monday,1,1,0,1
156,2023-12-25 12:36:00,2023-12-25,12:36:00,29,0,Monday,1,1,0,1
157,2023-12-25 12:37:00,2023-12-25,12:37:00,29,0,Monday,1,1,0,1
158,2023-12-25 12:38:00,2023-12-25,12:38:00,29,0,Monday,1,1,0,1
159,2023-12-25 12:39:00,2023-12-25,12:39:00,29,0,Monday,1,1,0,1
160,2023-12-25 12:40:00,2023-12-25,12:40:00,29,0,Monday,1,1,0,1
161,2023-12-25 12:41:00,2023-12-25,12:41:00,29,0,Monday,1,1,0,1
162,2023-12-25 12:42:00,2023-12-25,12:42:00,29,0,Monday,1,1,0,1
163,2023-12-25 12:43:00,2023-12-25,12:43:00,29,0,Monday,1,1,0,1
164,2023-12-25 12:44:00,2023-12-25,12:44:00,29,0,Monday,1,1,0,1
165,2023-12-25 12:45:00,2023-12-25,12:45:00,29,0,Monday,1,1,0,1
166,2023-12-25 12:46:00,2023-12-25,12:46:00,29,0,Monday,1,1,0,1
167,2023-12-25 12:47:00,2023-12-25,12:47:00,29,0,Monday,1,1,0,1
168,2023-12-25 12:48:00,2023-12-25,12:48:00,29,0,Monday,1,1,0,1
169,2023-12-25 12:49:00,2023-12-25,12:49:00,29,0,Monday,1,1,0,1
170,2023-12-25 12:50:00,2023-12-25,12:50:00,29,0,Monday,1,1,0,1
171,2023-12-25 12:51:00,2023-12-25,12:51:00,29,0,Monday,1,1,0,1
172,2023-12-25 12:52:00,2023-12-25,12:52:00,29,0,Monday,1,1,0,1
173,2023-12-25 12:53:00,2023-12-25,12:53:00,29,0,Monday,1,1,0,1
174,2023-12-25 12:54:00,2023-12-25,12:54:00,29,0,Monday,1,1,0,1
175,2023-12-25 12:55:00,2023-12-25,12:55:00,29,0,Monday,1,1,0,1
176,2023-12-25 12:56:00,2023-12-25,12:56:00,29,0,Monday,1,1,0,1
177,2023-12-25 12:57:00,2023-12-25,12:57:00,29,0,Monday,1,1,0,1
178,2023-12-25 12:58:00,2023-12-25,12:58:00,29,0,Monday,1,1,0,1
179,2023-12-25 12:59:00,2023-12-25,12:59:00,29,0,Monday,1,1,0,1
180,2023-12-25 13:00:00,2023-12-25,13:00:00,29,0,Monday,1,1,0,1
181,2023-12-25 13:01:00,2023-12-25,13:01:00,29,0,Monday,1,1,0,1
182,2023-12-25 13:02:00,2023-12-25,13:02:00,29,0,Monday,1,1,0,1
183,2023-12-25 13:03:00,2023-12-25,13:03:00,29,0,Monday,1,1,0,1
184,2023-12-25 13:04:00,2023-12-25,13:04:00,29,0,Monday,1,1,0,1
185,2023-12-25 13:05:00,2023-12-25,13:05:00,29,0,Monday,1,1,0,1
186,2023-12-25 13:06:00,2023-12-25,13:06:00,29,0,Monday,1,1,0,1
187,2023-12-25 13:07:00,2023-12-25,13:07:00,29,0,Monday,1,1,0,1
188,2023-12-25 13:08:00,2023-12-25,13:08:00,29,0,Monday,1,1,0,1
189,2023-12-25 13:09:00,2023-12-25,13:09:00,29,0,Monday,1,1,0,1
190,2023-12-25 13:10:00,2023-12-25,13:10:00,29,0,Monday,1,1,0,1
191,2023-12-25 13:11:00,2023-12-25,13:11:00,29,0,Monday,1,1,0,1
192,2023-12-25 13:12:00,2023-12-25,13:12:00,29,0,Monday,1,1,0,1
193,2023-12-25 13:13:00,2023-12-25,13:13:00,29,0,Monday,1,1,0,1
194,2023-12-25 13:14:00,2023-12-25,13:14:00,29,0,Monday,1,1,0,1
195,2023-12-25 13:15:00,2023-12-25,13:15:00,29,0,Monday,1,1,0,1
196,2023-12-25 13:16:00,2023-12-25,13:16:00,29,0,Monday,1,1,0,1
197,2023-12-25 13:17:00,2023-12-25,13:17:00,29,0,Monday,1,1,0,1
198,2023-12-25 13:18:00,2023-12-25,13:18:00,29,0,Monday,1,1,0,1
199,2023-12-25 13:19:00,2023-12-25,13:19:00,29,0,Monday,1,1,0,1
200,2023-12-25 13:20:00,2023-12-25,13:20:00,29,0,Monday,1,1,0,1
201,2023-12-25 13:21:00,2023-12-25,13:21:00,29,0,Monday,1,1,0,1
202,2023-12-25 13:22:00,2023-12-25,13:22:00,29,0,Monday,1,1,0,1
203,2023-12-25 13:23:00,2023-12-25,13:23:00,29,0,Monday,1,1,0,1
204,2023-12-25 13:24:00,2023-12-25,13:24:00,29,0,Monday,1,1,0,1
205,2023-12-25 13:25:00,2023-12-25,13:25:00,29,0,Monday,1,1,0,1
206,2023-12-25 13:26:00,2023-12-25,13:26:00,29,0,Monday,1,1,0,1
207,2023-12-25 13:27:00,2023-12-25,13:27:00,29,0,Monday,1,1,0,1
208,2023-12-25 13:28:00,2023-12-25,13:28:00,29,0,Monday,1,1,0,1
209,2023-12-25 13:29:00,2023-12-25,13:29:00,29,0,Monday,1,1,0,1
210,2023-12-25 13:30:00,2023-12-25,13:30:00,29,0,Monday,1,1,0,1
211,2023-12-25 13:31:00,2023-12-25,13:31:00,29,0,Monday,1,1,0,1
212,2023-12-25 13:32:00,2023-12-25,13:32:00,29,0,Monday,1,1,0,1
213,2023-12-25 13:33:00,2023-12-25,13:33:00,29,0,Monday,1,1,0,1
214,2023-12-25 13:34:00,2023-12-25,13:34:00,29,0,Monday,1,1,0,1
215,2023-12-25 13:35:00,2023-12-25,13:35:00,29,0,Monday,1,1,0,1
216,2023-12-25 13:36:00,2023-12-25,13:36:00,29,0,Monday,1,1,0,1
217,2023-12-25 13:37:00,2023-12-25,13:37:00,29,0,Monday,1,1,0,1
218,2023-12-25 13:38:00,2023-12-25,13:38:00,29,0,Monday,1,1,0,1
219,2023-12-25 13:39:00,2023-12-25,13:39:00,29,0,Monday,1,1,0,1
220,2023-12-25 13:40:00,2023-12-25,13:40:00,29,0,Monday,1,1,0,1
221,2023-12-25 13:41:00,2023-12-25,13:41:00,29,0,Monday,1,1,0,1
222,2023-12-25 13:42:00,2023-12-25,13:42:00,29,0,Monday,1,1,0,1
223,2023-12-25 13:43:00,2023-12-25,13:43:00,29,0,Monday,1,1,0,1
224,2023-12-25 13:44:00,2023-12-25,13:44:00,29,0,Monday,1,1,0,1
225,2023-12-25 13:45:00,2023-12-25,13:45:00,29,0,Monday,1,1,0,1
226,2023-12-25 13:46:00,2023-12-25,13:46:00,29,0,Monday,1,1,0,1
227,2023-12-25 13:47:00,2023-12-25,13:47:00,29,0,Monday,1,1,0,1
228,2023-12-25 13:48:00,2023-12-25,13:48:00,29,0,Monday,1,1,0,1
229,2023-12-25 13:49:00,2023-12-25,13:49:00,29,0,Monday,1,1,0,1
230,2023-12-25 13:50:00,2023-12-25,13:50:00,29,0,Monday,1,1,0,1
231,2023-12-25 13:51:00,2023-12-25,13:51:00,29,0,Monday,1,1,0,1
232,2023-12-25 13:52:00,2023-12-25,13:52:00,29,0,Monday,1,1,0,1
233,2023-12-25 13:53:00,2023-12-25,13:53:00,29,0,Monday,1,1,0,1
234,2023-12-25 13:54:00,2023-12-25,13:54:00,29,0,Monday,1,1,0,1
235,2023-12-25 13:55:00,2023-12-25,13:55:00,29,0,Monday,1,1,0,1
236,2023-12-25 13:56:00,2023-12-25,13:56:00,29,0,Monday,1,1,0,1
237,2023-12-25 13:57:00,2023-12-25,13:57:00,29,0,Monday,1,1,0,1
238,2023-12-25 13:58:00,2023-12-25,13:58:00,29,0,Monday,1,1,0,1
239,2023-12-25 13:59:00,2023-12-25,13:59:00,29,0,Monday,1,1,0,1
240,2023-12-25 14:00:00,2023-12-25,14:00:00,29,0,Monday,1,1,0,1
241,2023-12-25 14:01:00,2023-12-25,14:01:00,29,0,Monday,1,1,0,1
242,2023-12-25 14:02:00,2023-12-25,14:02:00,29,0,Monday,1,1,0,1
243,2023-12-25 14:03:00,2023-12-25,14:03:00,29,0,Monday,1,1,0,1
244,2023-12-25 14:04:00,2023-12-25,14:04:00,29,0,Monday,1,1,0,1
245,2023-12-25 14:05:00,2023-12-25,14:05:00,29,0,Monday,1,1,0,1
246,2023-12-25 14:06:00,2023-12-25,14:06:00,29,0,Monday,1,1,0,1
247,2023-12-25 14:07:00,2023-12-25,14:07:00,29,0,Monday,1,1,0,1
248,2023-12-25 14:08:00,2023-12-25,14:08:00,29,0,Monday,1,1,0,1
249,2023-12-25 14:09:00,2023-12-25,14:09:00,29,0,Monday,1,1,0,1
250,2023-12-25 14:10:00,2023-12-25,14:10:00,29,0,Monday,1,1,0,1
251,2023-12-25 14:11:00,2023-12-25,14:11:00,29,0,Monday,1,1,0,1
252,2023-12-25 14:12:00,2023-12-25,14:12:00,29,0,Monday,1,1,0,1
253,2023-12-25 14:13:00,2023-12-25,14:13:00,29,0,Monday,1,1,0,1
254,2023-12-25 14:14:00,2023-12-25,14:14:00,29,0,Monday,1,1,0,1
255,2023-12-25 14:15:00,2023-12-25,14:15:00,29,0,Monday,1,1,0,1
256,2023-12-25 14:16:00,2023-12-25,14:16:00,29,0,Monday,1,1,0,1
257,2023-12-25 14:17:00,2023-12-25,14:17:00,29,0,Monday,1,1,0,1
258,2023-12-25 14:18:00,2023-12-25,14:18:00,29,0,Monday,1,1,0,1
259,2023-12-25 14:19:00,2023-12-25,14:19:00,29,0,Monday,1,1,0,1
260,2023-12-25 14:20:00,2023-12-25,14:20:00,29,0,Monday,1,1,0,1
261,2023-12-25 14:21:00,2023-12-25,14:21:00,29,0,Monday,1,1,0,1
262,2023-12-25 14:22:00,2023-12-25,14:22:00,29,0,Monday,1,1,0,1
263,2023-12-25 14:23:00,2023-12-25,14:23:00,29,0,Monday,1,1,0,1
264,2023-12-25 14:24:00,2023-12-25,14:24:00,29,0,Monday,1,1,0,1
265,2023-12-25 14:25:00,2023-12-25,14:25:00,29,0,Monday,1,1,0,1
266,2023-12-25 14:26:00,2023-12-25,14:26:00,29,0,Monday,1,1,0,1
267,2023-12-25 14:27:00,2023-12-25,14:27:00,29,0,Monday,1,1,0,1
268,2023-12-25 14:28:00,2023-12-25,14:28:00,29,0,Monday,1,1,0,1
269,2023-12-25 14:29:00,2023-12-25,14:29:00,29,0,Monday,1,1,0,1
270,2023-12-25 14:30:00,2023-12-25,14:30:00,29,0,Monday,1,1,0,1
271,2023-12-25 14:31:00,2023-12-25,14:31:00,29,0,Monday,1,1,0,1
272,2023-12-25 14:32:00,2023-12-25,14:32:00,29,0,Monday,1,1,0,1
273,2023-12-25 14:33:00,2023-12-25,14:33:00,29,0,Monday,1,1,0,1
274,2023-12-25 14:34:00,2023-12-25,14:34:00,29,0,Monday,1,1,0,1
275,2023-12-25 14:35:00,2023-12-25,14:35:00,29,0,Monday,1,1,0,1
276,2023-12-25 14:36:00,2023-12-25,14:36:00,29,0,Monday,1,1,0,1
277,2023-12-25 14:37:00,2023-12-25,14:37:00,29,0,Monday,1,1,0,1
278,2023-12-25 14:38:00,2023-12-25,14:38:00,29,0,Monday,1,1,0,1
279,2023-12-25 14:39:00,2023-12-25,14:39:00,29,0,Monday,1,1,0,1
280,2023-12-25 14:40:00,2023-12-25,14:40:00,29,0,Monday,1,1,0,1
281,2023-12-25 14:41:00,2023-12-25,14:41:00,29,0,Monday,1,1,0,1
282,2023-12-25 14:42:00,2023-12-25,14:42:00,29,0,Monday,1,1,0,1
283,2023-12-25 14:43:00,2023-12-25,14:43:00,29,0,Monday,1,1,0,1
284,2023-12-25 14:44:00,2023-12-25,14:44:00,29,0,Monday,1,1,0,1
285,2023-12-25 14:45:00,2023-12-25,14:45:00,29,0,Monday,1,1,0,1
286,2023-12-25 14:46:00,2023-12-25,14:46:00,29,0,Monday,1,1,0,1
287,2023-12-25 14:47:00,2023-12-25,14:47:00,29,0,Monday,1,1,0,1
288,2023-12-25 14:48:00,2023-12-25,14:48:00,29,0,Monday,1,1,0,1
289,2023-12-25 14:49:00,2023-12-25,14:49:00,29,0,Monday,1,1,0,1
290,2023-12-25 14:50:00,2023-12-25,14:50:00,29,0,Monday,1,1,0,1
291,2023-12-25 14:51:00,2023-12-25,14:51:00,29,0,Monday,1,1,0,1
292,2023-12-25 14:52:00,2023-12-25,14:52:00,29,0,Monday,1,1,0,1
293,2023-12-25 14:53:00,2023-12-25,14:53:00,29,0,Monday,1,1,0,1
294,2023-12-25 14:54:00,2023-12-25,14:54:00,29,0,Monday,1,1,0,1
295,2023-12-25 14:55:00,2023-12-25,14:55:00,29,0,Monday,1,1,0,1
296,2023-12-25 14:56:00,2023-12-25,14:56:00,29,0,Monday,1,1,0,1
297,2023-12-25 14:57:00,2023-12-25,14:57:00,29,0,Monday,1,1,0,1
298,2023-12-25 14:58:00,2023-12-25,14:58:00,29,0,Monday,1,1,0,1
299,2023-12-25 14:59:00,2023-12-25,14:59:00,29,0,Monday,1,1,0,1
300,2023-12-25 15:00:00,2023-12-25,15:00:00,29,0,Monday,1,1,0,1
301,2023-12-25 15:01:00,2023-12-25,15:01:00,29,0,Monday,1,1,0,1
302,2023-12-25 15:02:00,2023-12-25,15:02:00,29,0,Monday,1,1,0,1
303,2023-12-25 15:03:00,2023-12-25,15:03:00,29,0,Monday,1,1,0,1
304,2023-12-25 15:04:00,2023-12-25,15:04:00,29,0,Monday,1,1,0,1
305,2023-12-25 15:05:00,2023-12-25,15:05:00,29,0,Monday,1,1,0,1
306,2023-12-25 15:06:00,2023-12-25,15:06:00,29,0,Monday,1,1,0,1
307,2023-12-25 15:07:00,2023-12-25,15:07:00,29,0,Monday,1,1,0,1
308,2023-12-25 15:08:00,2023-12-25,15:08:00,29,0,Monday,1,1,0,1
309,2023-12-25 15:09:00,2023-12-25,15:09:00,29,0,Monday,1,1,0,1
310,2023-12-25 15:10:00,2023-12-25,15:10:00,29,0,Monday,1,1,0,1
311,2023-12-25 15:11:00,2023-12-25,15:11:00,29,0,Monday,1,1,0,1
312,2023-12-25 15:12:00,2023-12-25,15:12:00,29,0,Monday,1,1,0,1
313,2023-12-25 15:13:00,2023-12-25,15:13:00,29,0,Monday,1,1,0,1
314,2023-12-25 15:14:00,2023-12-25,15:14:00,29,0,Monday,1,1,0,1
315,2023-12-25 15:15:00,2023-12-25,15:15:00,29,0,Monday,1,1,0,1
316,2023-12-25 15:16:00,2023-12-25,15:16:00,29,0,Monday,1,1,0,1
317,2023-12-25 15:17:00,2023-12-25,15:17:00,29,0,Monday,1,1,0,1
318,2023-12-25 15:18:00,2023-12-25,15:18:00,29,0,Monday,1,1,0,1
319,2023-12-25 15:19:00,2023-12-25,15:19:00,29,0,Monday,1,1,0,1
320,2023-12-25 15:20:00,2023-12-25,15:20:00,29,0,Monday,1,1,0,1
321,2023-12-25 15:21:00,2023-12-25,15:21:00,29,0,Monday,1,1,0,1
322,2023-12-25 15:22:00,2023-12-25,15:22:00,29,0,Monday,1,1,0,1
323,2023-12-25 15:23:00,2023-12-25,15:23:00,29,0,Monday,1,1,0,1
324,2023-12-25 15:24:00,2023-12-25,15:24:00,29,0,Monday,1,1,0,1
325,2023-12-25 15:25:00,2023-12-25,15:25:00,29,0,Monday,1,1,0,1
326,2023-12-25 15:26:00,2023-12-25,15:26:00,29,0,Monday,1,1,0,1
327,2023-12-25 15:27:00,2023-12-25,15:27:00,29,0,Monday,1,1,0,1
328,2023-12-25 15:28:00,2023-12-25,15:28:00,29,0,Monday,1,1,0,1
329,2023-12-25 15:29:00,2023-12-25,15:29:00,29,0,Monday,1,1,0,1
330,2023-12-25 15:30:00,2023-12-25,15:30:00,29,0,Monday,1,1,0,1
331,2023-12-25 15:31:00,2023-12-25,15:31:00,29,0,Monday,1,1,0,1
332,2023-12-25 15:32:00,2023-12-25,15:32:00,29,0,Monday,1,1,0,1
333,2023-12-25 15:33:00,2023-12-25,15:33:00,29,0,Monday,1,1,0,1
334,2023-12-25 15:34:00,2023-12-25,15:34:00,29,0,Monday,1,1,0,1
335,2023-12-25 15:35:00,2023-12-25,15:35:00,29,0,Monday,1,1,0,1
336,2023-12-25 15:36:00,2023-12-25,15:36:00,29,0,Monday,1,1,0,1
337,2023-12-25 15:37:00,2023-12-25,15:37:00,29,0,Monday,1,1,0,1
338,2023-12-25 15:38:00,2023-12-25,15:38:00,29,0,Monday,1,1,0,1
339,2023-12-25 15:39:00,2023-12-25,15:39:00,29,0,Monday,1,1,0,1
340,2023-12-25 15:40:00,2023-12-25,15:40:00,29,0,Monday,1,1,0,1
341,2023-12-25 15:41:00,2023-12-25,15:41:00,29,0,Monday,1,1,0,1
342,2023-12-25 15:42:00,2023-12-25,15:42:00,29,0,Monday,1,1,0,1
343,2023-12-25 15:43:00,2023-12-25,15:43:00,29,0,Monday,1,1,0,1
344,2023-12-25 15:44:00,2023-12-25,15:44:00,29,0,Monday,1,1,0,1
345,2023-12-25 15:45:00,2023-12-25,15:45:00,29,0,Monday,1,1,0,1
346,2023-12-25 15:46:00,2023-12-25,15:46:00,29,0,Monday,1,1,0,1
347,2023-12-25 15:47:00,2023-12-25,15:47:00,29,0,Monday,1,1,0,1
348,2023-12-25 15:48:00,2023-12-25,15:48:00,29,0,Monday,1,1,0,1
349,2023-12-25 15:49:00,2023-12-25,15:49:00,29,0,Monday,1,1,0,1
350,2023-12-25 15:50:00,2023-12-25,15:50:00,29,0,Monday,1,1,0,1
351,2023-12-25 15:51:00,2023-12-25,15:51:00,29,0,Monday,1,1,0,1
352,2023-12-25 15:52:00,2023-12-25,15:52:00,29,0,Monday,1,1,0,1
353,2023-12-25 15:53:00,2023-12-25,15:53:00,29,0,Monday,1,1,0,1
354,2023-12-25 15:54:00,2023-12-25,15:54:00,29,0,Monday,1,1,0,1
355,2023-12-25 15:55:00,2023-12-25,15:55:00,29,0,Monday,1,1,0,1
356,2023-12-25 15:56:00,2023-12-25,15:56:00,29,0,Monday,1,1,0,1
357,2023-12-25 15:57:00,2023-12-25,15:57:00,29,0,Monday,1,1,0,1
358,2023-12-25 15:58:00,2023-12-25,15:58:00,29,0,Monday,1,1,0,1
359,2023-12-25 15:59:00,2023-12-25,15:59:00,29,0,Monday,1,1,0,1
360,2023-12-25 16:00:00,2023-12-25,16:00:00,29,0,Monday,1,1,0,1
361,2023-12-25 16:01:00,2023-12-25,16:01:00,29,0,Monday,1,1,0,1
362,2023-12-25 16:02:00,2023-12-25,16:02:00,29,0,Monday,1,1,0,1
363,2023-12-25 16:03:00,2023-12-25,16:03:00,29,0,Monday,1,1,0,1
364,2023-12-25 16:04:00,2023-12-25,16:04:00,29,0,Monday,1,1,0,1
365,2023-12-25 16:05:00,2023-12-25,16:05:00,29,0,Monday,1,1,0,1
366,2023-12-25 16:06:00,2023-12-25,16:06:00,29,0,Monday,1,1,0,1
367,2023-12-25 16:07:00,2023-12-25,16:07:00,29,0,Monday,1,1,0,1
368,2023-12-25 16:08:00,2023-12-25,16:08:00,29,0,Monday,1,1,0,1
369,2023-12-25 16:09:00,2023-12-25,16:09:00,29,0,Monday,1,1,0,1
370,2023-12-25 16:10:00,2023-12-25,16:10:00,29,0,Monday,1,1,0,1
371,2023-12-25 16:11:00,2023-12-25,16:11:00,29,0,Monday,1,1,0,1
372,2023-12-25 16:12:00,2023-12-25,16:12:00,29,0,Monday,1,1,0,1
373,2023-12-25 16:13:00,2023-12-25,16:13:00,29,0,Monday,1,1,0,1
374,2023-12-25 16:14:00,2023-12-25,16:14:00,29,0,Monday,1,1,0,1
375,2023-12-25 16:15:00,2023-12-25,16:15:00,29,0,Monday,1,1,0,1
376,2023-12-25 16:16:00,2023-12-25,16:16:00,29,0,Monday,1,1,0,1
377,2023-12-25 16:17:00,2023-12-25,16:17:00,29,0,Monday,1,1,0,1
378,2023-12-25 16:18:00,2023-12-25,16:18:00,29,0,Monday,1,1,0,1
379,2023-12-25 16:19:00,2023-12-25,16:19:00,29,0,Monday,1,1,0,1
380,2023-12-25 16:20:00,2023-12-25,16:20:00,29,0,Monday,1,1,0,1
381,2023-12-25 16:21:00,2023-12-25,16:21:00,29,0,Monday,1,1,0,1
382,2023-12-25 16:22:00,2023-12-25,16:22:00,29,0,Monday,1,1,0,1
383,2023-12-25 16:23:00,2023-12-25,16:23:00,29,0,Monday,1,1,0,1
384,2023-12-25 16:24:00,2023-12-25,16:24:00,29,0,Monday,1,1,0,1
385,2023-12-25 16:25:00,2023-12-25,16:25:00,29,0,Monday,1,1,0,1
386,2023-12-25 16:26:00,2023-12-25,16:26:00,29,0,Monday,1,1,0,1
387,2023-12-25 16:27:00,2023-12-25,16:27:00,29,0,Monday,1,1,0,1
388,2023-12-25 16:28:00,2023-12-25,16:28:00,29,0,Monday,1,1,0,1
389,2023-12-25 16:29:00,2023-12-25,16:29:00,29,0,Monday,1,1,0,1
390,2023-12-25 16:30:00,2023-12-25,16:30:00,29,0,Monday,1,1,0,1
391,2023-12-25 16:31:00,2023-12-25,16:31:00,29,0,Monday,1,1,0,1
392,2023-12-25 16:32:00,2023-12-25,16:32:00,29,0,Monday,1,1,0,1
393,2023-12-25 16:33:00,2023-12-25,16:33:00,29,0,Monday,1,1,0,1
394,2023-12-25 16:34:00,2023-12-25,16:34:00,29,0,Monday,1,1,0,1
395,2023-12-25 16:35:00,2023-12-25,16:35:00,29,0,Monday,1,1,0,1
396,2023-12-25 16:36:00,2023-12-25,16:36:00,29,0,Monday,1,1,0,1
397,2023-12-25 16:37:00,2023-12-25,16:37:00,29,0,Monday,1,1,0,1
398,2023-12-25 16:38:00,2023-12-25,16:38:00,29,0,Monday,1,1,0,1
399,2023-12-25 16:39:00,2023-12-25,16:39:00,29,0,Monday,1,1,0,1
400,2023-12-25 16:40:00,2023-12-25,16:40:00,29,0,Monday,1,1,0,1
401,2023-12-25 16:41:00,2023-12-25,16:41:00,29,0,Monday,1,1,0,1
402,2023-12-25 16:42:00,2023-12-25,16:42:00,29,0,Monday,1,1,0,1
403,2023-12-25 16:43:00,2023-12-25,16:43:00,29,0,Monday,1,1,0,1
404,2023-12-25 16:44:00,2023-12-25,16:44:00,29,0,Monday,1,1,0,1
405,2023-12-25 16:45:00,2023-12-25,16:45:00,29,0,Monday,1,1,0,1
406,2023-12-25 16:46:00,2023-12-25,16:46:00,29,0,Monday,1,1,0,1
407,2023-12-25 16:47:00,2023-12-25,16:47:00,29,0,Monday,1,1,0,1
408,2023-12-25 16:48:00,2023-12-25,16:48:00,29,0,Monday,1,1,0,1
409,2023-12-25 16:49:00,2023-12-25,16:49:00,29,0,Monday,1,1,0,1
410,2023-12-25 16:50:00,2023-12-25,16:50:00,29,0,Monday,1,1,0,1
411,2023-12-25 16:51:00,2023-12-25,16:51:00,29,0,Monday,1,1,0,1
412,2023-12-25 16:52:00,2023-12-25,16:52:00,29,0,Monday,1,1,0,1
413,2023-12-25 16:53:00,2023-12-25,16:53:00,29,0,Monday,1,1,0,1
414,2023-12-25 16:54:00,2023-12-25,16:54:00,29,0,Monday,1,1,0,1
415,2023-12-25 16:55:00,2023-12-25,16:55:00,29,0,Monday,1,1,0,1
416,2023-12-25 16:56:00,2023-12-25,16:56:00,29,0,Monday,1,1,0,1
417,2023-12-25 16:57:00,2023-12-25,16:57:00,29,0,Monday,1,1,0,1
418,2023-12-25 16:58:00,2023-12-25,16:58:00,29,0,Monday,1,1,0,1
419,2023-12-25 16:59:00,2023-12-25,16:59:00,29,0,Monday,1,1,0,1
420,2023-12-25 17:00:00,2023-12-25,17:00:00,29,0,Monday,1,1,0,1
421,2023-12-25 17:01:00,2023-12-25,17:01:00,29,0,Monday,1,1,0,1
422,2023-12-25 17:02:00,2023-12-25,17:02:00,29,0,Monday,1,1,0,1
423,2023-12-25 17:03:00,2023-12-25,17:03:00,29,0,Monday,1,1,0,1
424,2023-12-25 17:04:00,2023-12-25,17:04:00,29,0,Monday,1,1,0,1
425,2023-12-25 17:05:00,2023-12-25,17:05:00,29,0,Monday,1,1,0,1
426,2023-12-25 17:06:00,2023-12-25,17:06:00,29,0,Monday,1,1,0,1
427,2023-12-25 17:07:00,2023-12-25,17:07:00,29,0,Monday,1,1,0,1
428,2023-12-25 17:08:00,2023-12-25,17:08:00,29,0,Monday,1,1,0,1
429,2023-12-25 17:09:00,2023-12-25,17:09:00,29,0,Monday,1,1,0,1
430,2023-12-25 17:10:00,2023-12-25,17:10:00,29,0,Monday,1,1,0,1
431,2023-12-25 17:11:00,2023-12-25,17:11:00,29,0,Monday,1,1,0,1
432,2023-12-25 17:12:00,2023-12-25,17:12:00,29,0,Monday,1,1,0,1
433,2023-12-25 17:13:00,2023-12-25,17:13:00,29,0,Monday,1,1,0,1
434,2023-12-25 17:14:00,2023-12-25,17:14:00,29,0,Monday,1,1,0,1
435,2023-12-25 17:15:00,2023-12-25,17:15:00,29,0,Monday,1,1,0,1
436,2023-12-25 17:16:00,2023-12-25,17:16:00,29,0,Monday,1,1,0,1
437,2023-12-25 17:17:00,2023-12-25,17:17:00,29,0,Monday,1,1,0,1
438,2023-12-25 17:18:00,2023-12-25,17:18:00,29,0,Monday,1,1,0,1
439,2023-12-25 17:19:00,2023-12-25,17:19:00,29,0,Monday,1,1,0,1
440,2023-12-25 17:20:00,2023-12-25,17:20:00,29,0,Monday,1,1,0,1
441,2023-12-25 17:21:00,2023-12-25,17:21:00,29,0,Monday,1,1,0,1
442,2023-12-25 17:22:00,2023-12-25,17:22:00,29,0,Monday,1,1,0,1
443,2023-12-25 17:23:00,2023-12-25,17:23:00,29,0,Monday,1,1,0,1
444,2023-12-25 17:24:00,2023-12-25,17:24:00,29,0,Monday,1,1,0,1
445,2023-12-25 17:25:00,2023-12-25,17:25:00,29,0,Monday,1,1,0,1
446,2023-12-25 17:26:00,2023-12-25,17:26:00,29,0,Monday,1,1,0,1
447,2023-12-25 17:27:00,2023-12-25,17:27:00,29,0,Monday,1,1,0,1
448,2023-12-25 17:28:00,2023-12-25,17:28:00,29,0,Monday,1,1,0,1
449,2023-12-25 17:29:00,2023-12-25,17:29:00,29,0,Monday,1,1,0,1
450,2023-12-25 17:30:00,2023-12-25,17:30:00,29,0,Monday,1,1,0,1
451,2023-12-25 17:31:00,2023-12-25,17:31:00,29,0,Monday,1,1,0,1
452,2023-12-25 17:32:00,2023-12-25,17:32:00,29,0,Monday,1,1,0,1
453,2023-12-25 17:33:00,2023-12-25,17:33:00,29,0,Monday,1,1,0,1
454,2023-12-25 17:34:00,2023-12-25,17:34:00,29,0,Monday,1,1,0,1
455,2023-12-25 17:35:00,2023-12-25,17:35:00,29,0,Monday,1,1,0,1
456,2023-12-25 17:36:00,2023-12-25,17:36:00,29,0,Monday,1,1,0,1
457,2023-12-25 17:37:00,2023-12-25,17:37:00,29,0,Monday,1,1,0,1
458,2023-12-25 17:38:00,2023-12-25,17:38:00,29,0,Monday,1,1,0,1
459,2023-12-25 17:39:00,2023-12-25,17:39:00,29,0,Monday,1,1,0,1
460,2023-12-25 17:40:00,2023-12-25,17:40:00,29,0,Monday,1,1,0,1
461,2023-12-25 17:41:00,2023-12-25,17:41:00,29,0,Monday,1,1,0,1
462,2023-12-25 17:42:00,2023-12-25,17:42:00,29,0,Monday,1,1,0,1
463,2023-12-25 17:43:00,2023-12-25,17:43:00,29,0,Monday,1,1,0,1
464,2023-12-25 17:44:00,2023-12-25,17:44:00,29,0,Monday,1,1,0,1
465,2023-12-25 17:45:00,2023-12-25,17:45:00,29,0,Monday,1,1,0,1
466,2023-12-25 17:46:00,2023-12-25,17:46:00,29,0,Monday,1,1,0,1
467,2023-12-25 17:47:00,2023-12-25,17:47:00,29,0,Monday,1,1,0,1
468,2023-12-25 17:48:00,2023-12-25,17:48:00,29,0,Monday,1,1,0,1
469,2023-12-25 17:49:00,2023-12-25,17:49:00,29,0,Monday,1,1,0,1
470,2023-12-25 17:50:00,2023-12-25,17:50:00,29,0,Monday,1,1,0,1
471,2023-12-25 17:51:00,2023-12-25,17:51:00,29,0,Monday,1,1,0,1
472,2023-12-25 17:52:00,2023-12-25,17:52:00,29,0,Monday,1,1,0,1
473,2023-12-25 17:53:00,2023-12-25,17:53:00,29,0,Monday,1,1,0,1
474,2023-12-25 17:54:00,2023-12-25,17:54:00,29,0,Monday,1,1,0,1
475,2023-12-25 17:55:00,2023-12-25,17:55:00,29,0,Monday,1,1,0,1
476,2023-12-25 17:56:00,2023-12-25,17:56:00,29,0,Monday,1,1,0,1
477,2023-12-25 17:57:00,2023-12-25,17:57:00,29,0,Monday,1,1,0,1
478,2023-12-25 17:58:00,2023-12-25,17:58:00,29,0,Monday,1,1,0,1
479,2023-12-25 17:59:00,2023-12-25,17:59:00,29,0,Monday,1,1,0,1
480,2023-12-25 18:00:00,2023-12-25,18:00:00,29,0,Monday,1,1,0,1
481,2023-12-25 18:01:00,2023-12-25,18:01:00,29,0,Monday,1,1,0,1
482,2023-12-25 18:02:00,2023-12-25,18:02:00,29,0,Monday,1,1,0,1
483,2023-12-25 18:03:00,2023-12-25,18:03:00,29,0,Monday,1,1,0,1
484,2023-12-25 18:04:00,2023-12-25,18:04:00,29,0,Monday,1,1,0,1
485,2023-12-25 18:05:00,2023-12-25,18:05:00,29,0,Monday,1,1,0,1
486,2023-12-25 18:06:00,2023-12-25,18:06:00,29,0,Monday,1,1,0,1
487,2023-12-25 18:07:00,2023-12-25,18:07:00,29,0,Monday,1,1,0,1
488,2023-12-25 18:08:00,2023-12-25,18:08:00,29,0,Monday,1,1,0,1
489,2023-12-25 18:09:00,2023-12-25,18:09:00,29,0,Monday,1,1,0,1
490,2023-12-25 18:10:00,2023-12-25,18:10:00,29,0,Monday,1,1,0,1
491,2023-12-25 18:11:00,2023-12-25,18:11:00,29,0,Monday,1,1,0,1
492,2023-12-25 18:12:00,2023-12-25,18:12:00,29,0,Monday,1,1,0,1
493,2023-12-25 18:13:00,2023-12-25,18:13:00,29,0,Monday,1,1,0,1
494,2023-12-25 18:14:00,2023-12-25,18:14:00,29,0,Monday,1,1,0,1
495,2023-12-25 18:15:00,2023-12-25,18:15:00,29,0,Monday,1,1,0,1
496,2023-12-25 18:16:00,2023-12-25,18:16:00,29,0,Monday,1,1,0,1
497,2023-12-25 18:17:00,2023-12-25,18:17:00,29,0,Monday,1,1,0,1
498,2023-12-25 18:18:00,2023-12-25,18:18:00,29,0,Monday,1,1,0,1
499,2023-12-25 18:19:00,2023-12-25,18:19:00,29,0,Monday,1,1,0,1
500,2023-12-25 18:20:00,2023-12-25,18:20:00,29,0,Monday,1,1,0,1
501,2023-12-25 18:21:00,2023-12-25,18:21:00,29,0,Monday,1,1,0,1
502,2023-12-25 18:22:00,2023-12-25,18:22:00,29,0,Monday,1,1,0,1
503,2023-12-25 18:23:00,2023-12-25,18:23:00,29,0,Monday,1,1,0,1
504,2023-12-25 18:24:00,2023-12-25,18:24:00,29,0,Monday,1,1,0,1
505,2023-12-25 18:25:00,2023-12-25,18:25:00,29,0,Monday,1,1,0,1
506,2023-12-25 18:26:00,2023-12-25,18:26:00,29,0,Monday,1,1,0,1
507,2023-12-25 18:27:00,2023-12-25,18:27:00,29,0,Monday,1,1,0,1
508,2023-12-25 18:28:00,2023-12-25,18:28:00,29,0,Monday,1,1,0,1
509,2023-12-25 18:29:00,2023-12-25,18:29:00,29,0,Monday,1,1,0,1
510,2023-12-25 18:30:00,2023-12-25,18:30:00,29,0,Monday,1,1,0,1
511,2023-12-25 18:31:00,2023-12-25,18:31:00,29,0,Monday,1,1,0,1
512,2023-12-25 18:32:00,2023-12-25,18:32:00,29,0,Monday,1,1,0,1
513,2023-12-25 18:33:00,2023-12-25,18:33:00,29,0,Monday,1,1,0,1
514,2023-12-25 18:34:00,2023-12-25,18:34:00,29,0,Monday,1,1,0,1
515,2023-12-25 18:35:00,2023-12-25,18:35:00,29,0,Monday,1,1,0,1
516,2023-12-25 18:36:00,2023-12-25,18:36:00,29,0,Monday,1,1,0,1
517,2023-12-25 18:37:00,2023-12-25,18:37:00,29,0,Monday,1,1,0,1
518,2023-12-25 18:38:00,2023-12-25,18:38:00,29,0,Monday,1,1,0,1
519,2023-12-25 18:39:00,2023-12-25,18:39:00,29,0,Monday,1,1,0,1
520,2023-12-25 18:40:00,2023-12-25,18:40:00,29,0,Monday,1,1,0,1
521,2023-12-25 18:41:00,2023-12-25,18:41:00,29,0,Monday,1,1,0,1
522,2023-12-25 18:42:00,2023-12-25,18:42:00,29,0,Monday,1,1,0,1
523,2023-12-25 18:43:00,2023-12-25,18:43:00,29,0,Monday,1,1,0,1
524,2023-12-25 18:44:00,2023-12-25,18:44:00,29,0,Monday,1,1,0,1
525,2023-12-25 18:45:00,2023-12-25,18:45:00,29,0,Monday,1,1,0,1
526,2023-12-25 18:46:00,2023-12-25,18:46:00,29,0,Monday,1,1,0,1
527,2023-12-25 18:47:00,2023-12-25,18:47:00,29,0,Monday,1,1,0,1
528,2023-12-25 18:48:00,2023-12-25,18:48:00,29,0,Monday,1,1,0,1
529,2023-12-25 18:49:00,2023-12-25,18:49:00,29,0,Monday,1,1,0,1
530,2023-12-25 18:50:00,2023-12-25,18:50:00,29,0,Monday,1,1,0,1
531,2023-12-25 18:51:00,2023-12-25,18:51:00,29,0,Monday,1,1,0,1
532,2023-12-25 18:52:00,2023-12-25,18:52:00,29,0,Monday,1,1,0,1
533,2023-12-25 18:53:00,2023-12-25,18:53:00,29,0,Monday,1,1,0,1
534,2023-12-25 18:54:00,2023-12-25,18:54:00,29,0,Monday,1,1,0,1
535,2023-12-25 18:55:00,2023-12-25,18:55:00,29,0,Monday,1,1,0,1
536,2023-12-25 18:56:00,2023-12-25,18:56:00,29,0,Monday,1,1,0,1
537,2023-12-25 18:57:00,2023-12-25,18:57:00,29,0,Monday,1,1,0,1
538,2023-12-25 18:58:00,2023-12-25,18:58:00,29,0,Monday,1,1,0,1
539,2023-12-25 18:59:00,2023-12-25,18:59:00,29,0,Monday,1,1,0,1
540,2023-12-25 19:00:00,2023-12-25,19:00:00,29,0,Monday,1,1,0,1
541,2023-12-25 19:01:00,2023-12-25,19:01:00,29,0,Monday,1,1,0,1
542,2023-12-25 19:02:00,2023-12-25,19:02:00,29,0,Monday,1,1,0,1
543,2023-12-25 19:03:00,2023-12-25,19:03:00,29,0,Monday,1,1,0,1
544,2023-12-25 19:04:00,2023-12-25,19:04:00,29,0,Monday,1,1,0,1
545,2023-12-25 19:05:00,2023-12-25,19:05:00,29,0,Monday,1,1,0,1
546,2023-12-25 19:06:00,2023-12-25,19:06:00,29,0,Monday,1,1,0,1
547,2023-12-25 19:07:00,2023-12-25,19:07:00,29,0,Monday,1,1,0,1
548,2023-12-25 19:08:00,2023-12-25,19:08:00,29,0,Monday,1,1,0,1
549,2023-12-25 19:09:00,2023-12-25,19:09:00,29,0,Monday,1,1,0,1
550,2023-12-25 19:10:00,2023-12-25,19:10:00,29,0,Monday,1,1,0,1
551,2023-12-25 19:11:00,2023-12-25,19:11:00,29,0,Monday,1,1,0,1
552,2023-12-25 19:12:00,2023-12-25,19:12:00,29,0,Monday,1,1,0,1
553,2023-12-25 19:13:00,2023-12-25,19:13:00,29,0,Monday,1,1,0,1
554,2023-12-25 19:14:00,2023-12-25,19:14:00,29,0,Monday,1,1,0,1
555,2023-12-25 19:15:00,2023-12-25,19:15:00,29,0,Monday,1,1,0,1
556,2023-12-25 19:16:00,2023-12-25,19:16:00,29,0,Monday,1,1,0,1
557,2023-12-25 19:17:00,2023-12-25,19:17:00,29,0,Monday,1,1,0,1
558,2023-12-25 19:18:00,2023-12-25,19:18:00,29,0,Monday,1,1,0,1
559,2023-12-25 19:19:00,2023-12-25,19:19:00,29,0,Monday,1,1,0,1
560,2023-12-25 19:20:00,2023-12-25,19:20:00,29,0,Monday,1,1,0,1
561,2023-12-25 19:21:00,2023-12-25,19:21:00,29,0,Monday,1,1,0,1
562,2023-12-25 19:22:00,2023-12-25,19:22:00,29,0,Monday,1,1,0,1
563,2023-12-25 19:23:00,2023-12-25,19:23:00,29,0,Monday,1,1,0,1
564,2023-12-25 19:24:00,2023-12-25,19:24:00,29,0,Monday,1,1,0,1
565,2023-12-25 19:25:00,2023-12-25,19:25:00,29,0,Monday,1,1,0,1
566,2023-12-25 19:26:00,2023-12-25,19:26:00,29,0,Monday,1,1,0,1
567,2023-12-25 19:27:00,2023-12-25,19:27:00,29,0,Monday,1,1,0,1
568,2023-12-25 19:28:00,2023-12-25,19:28:00,29,0,Monday,1,1,0,1
569,2023-12-25 19:29:00,2023-12-25,19:29:00,29,0,Monday,1,1,0,1
570,2023-12-25 19:30:00,2023-12-25,19:30:00,29,0,Monday,1,1,0,1
571,2023-12-25 19:31:00,2023-12-25,19:31:00,29,0,Monday,1,1,0,1
572,2023-12-25 19:32:00,2023-12-25,19:32:00,29,0,Monday,1,1,0,1
573,2023-12-25 19:33:00,2023-12-25,19:33:00,29,0,Monday,1,1,0,1
574,2023-12-25 19:34:00,2023-12-25,19:34:00,29,0,Monday,1,1,0,1
575,2023-12-25 19:35:00,2023-12-25,19:35:00,29,0,Monday,1,1,0,1
576,2023-12-25 19:36:00,2023-12-25,19:36:00,29,0,Monday,1,1,0,1
577,2023-12-25 19:37:00,2023-12-25,19:37:00,29,0,Monday,1,1,0,1
578,2023-12-25 19:38:00,2023-12-25,19:38:00,29,0,Monday,1,1,0,1
579,2023-12-25 19:39:00,2023-12-25,19:39:00,29,0,Monday,1,1,0,1
580,2023-12-25 19:40:00,2023-12-25,19:40:00,29,0,Monday,1,1,0,1
581,2023-12-25 19:41:00,2023-12-25,19:41:00,29,0,Monday,1,1,0,1
582,2023-12-25 19:42:00,2023-12-25,19:42:00,29,0,Monday,1,1,0,1
583,2023-12-25 19:43:00,2023-12-25,19:43:00,29,0,Monday,1,1,0,1
584,2023-12-25 19:44:00,2023-12-25,19:44:00,29,0,Monday,1,1,0,1
585,2023-12-25 19:45:00,2023-12-25,19:45:00,29,0,Monday,1,1,0,1
586,2023-12-25 19:46:00,2023-12-25,19:46:00,29,0,Monday,1,1,0,1
587,2023-12-25 19:47:00,2023-12-25,19:47:00,29,0,Monday,1,1,0,1
588,2023-12-25 19:48:00,2023-12-25,19:48:00,29,0,Monday,1,1,0,1
589,2023-12-25 19:49:00,2023-12-25,19:49:00,29,0,Monday,1,1,0,1
590,2023-12-25 19:50:00,2023-12-25,19:50:00,29,0,Monday,1,1,0,1
591,2023-12-25 19:51:00,2023-12-25,19:51:00,29,0,Monday,1,1,0,1
592,2023-12-25 19:52:00,2023-12-25,19:52:00,29,0,Monday,1,1,0,1
593,2023-12-25 19:53:00,2023-12-25,19:53:00,29,0,Monday,1,1,0,1
594,2023-12-25 19:54:00,2023-12-25,19:54:00,29,0,Monday,1,1,0,1
595,2023-12-25 19:55:00,2023-12-25,19:55:00,29,0,Monday,1,1,0,1
596,2023-12-25 19:56:00,2023-12-25,19:56:00,29,0,Monday,1,1,0,1
597,2023-12-25 19:57:00,2023-12-25,19:57:00,29,0,Monday,1,1,0,1
598,2023-12-25 19:58:00,2023-12-25,19:58:00,29,0,Monday,1,1,0,1
599,2023-12-25 19:59:00,2023-12-25,19:59:00,29,0,Monday,1,1,0,1
600,2023-12-25 20:00:00,2023-12-25,20:00:00,29,0,Monday,1,1,0,1
601,2023-12-25 20:01:00,2023-12-25,20:01:00,29,0,Monday,1,1,0,1
602,2023-12-25 20:02:00,2023-12-25,20:02:00,29,0,Monday,1,1,0,1
603,2023-12-25 20:03:00,2023-12-25,20:03:00,29,0,Monday,1,1,0,1
604,2023-12-25 20:04:00,2023-12-25,20:04:00,29,0,Monday,1,1,0,1
605,2023-12-25 20:05:00,2023-12-25,20:05:00,29,0,Monday,1,1,0,1
606,2023-12-25 20:06:00,2023-12-25,20:06:00,29,0,Monday,1,1,0,1
607,2023-12-25 20:07:00,2023-12-25,20:07:00,29,0,Monday,1,1,0,1
608,2023-12-25 20:08:00,2023-12-25,20:08:00,29,0,Monday,1,1,0,1
609,2023-12-25 20:09:00,2023-12-25,20:09:00,29,0,Monday,1,1,0,1
610,2023-12-25 20:10:00,2023-12-25,20:10:00,29,0,Monday,1,1,0,1
611,2023-12-25 20:11:00,2023-12-25,20:11:00,29,0,Monday,1,1,0,1
612,2023-12-25 20:12:00,2023-12-25,20:12:00,29,0,Monday,1,1,0,1
613,2023-12-25 20:13:00,2023-12-25,20:13:00,29,0,Monday,1,1,0,1
614,2023-12-25 20:14:00,2023-12-25,20:14:00,29,0,Monday,1,1,0,1
615,2023-12-25 20:15:00,2023-12-25,20:15:00,29,0,Monday,1,1,0,1
616,2023-12-25 20:16:00,2023-12-25,20:16:00,29,0,Monday,1,1,0,1
617,2023-12-25 20:17:00,2023-12-25,20:17:00,29,0,Monday,1,1,0,1
618,2023-12-25 20:18:00,2023-12-25,20:18:00,29,0,Monday,1,1,0,1
619,2023-12-25 20:19:00,2023-12-25,20:19:00,29,0,Monday,1,1,0,1
620,2023-12-25 20:20:00,2023-12-25,20:20:00,29,0,Monday,1,1,0,1
621,2023-12-25 20:21:00,2023-12-25,20:21:00,29,0,Monday,1,1,0,1
622,2023-12-25 20:22:00,2023-12-25,20:22:00,29,0,Monday,1,1,0,1
623,2023-12-25 20:23:00,2023-12-25,20:23:00,29,0,Monday,1,1,0,1
624,2023-12-25 20:24:00,2023-12-25,20:24:00,29,0,Monday,1,1,0,1
625,2023-12-25 20:25:00,2023-12-25,20:25:00,29,0,Monday,1,1,0,1
626,2023-12-25 20:26:00,2023-12-25,20:26:00,29,0,Monday,1,1,0,1
627,2023-12-25 20:27:00,2023-12-25,20:27:00,29,0,Monday,1,1,0,1
628,2023-12-25 20:28:00,2023-12-25,20:28:00,29,0,Monday,1,1,0,1
629,2023-12-25 20:29:00,2023-12-25,20:29:00,29,0,Monday,1,1,0,1
630,2023-12-25 20:30:00,2023-12-25,20:30:00,29,0,Monday,1,1,0,1
631,2023-12-25 20:31:00,2023-12-25,20:31:00,29,0,Monday,1,1,0,1
632,2023-12-25 20:32:00,2023-12-25,20:32:00,29,0,Monday,1,1,0,1
633,2023-12-25 20:33:00,2023-12-25,20:33:00,29,0,Monday,1,1,0,1
634,2023-12-25 20:34:00,2023-12-25,20:34:00,29,0,Monday,1,1,0,1
635,2023-12-25 20:35:00,2023-12-25,20:35:00,29,0,Monday,1,1,0,1
636,2023-12-25 20:36:00,2023-12-25,20:36:00,29,0,Monday,1,1,0,1
637,2023-12-25 20:37:00,2023-12-25,20:37:00,29,0,Monday,1,1,0,1
638,2023-12-25 20:38:00,2023-12-25,20:38:00,29,0,Monday,1,1,0,1
639,2023-12-25 20:39:00,2023-12-25,20:39:00,29,0,Monday,1,1,0,1
640,2023-12-25 20:40:00,2023-12-25,20:40:00,29,0,Monday,1,1,0,1
641,2023-12-25 20:41:00,2023-12-25,20:41:00,29,0,Monday,1,1,0,1
642,2023-12-25 20:42:00,2023-12-25,20:42:00,29,0,Monday,1,1,0,1
643,2023-12-25 20:43:00,2023-12-25,20:43:00,29,0,Monday,1,1,0,1
644,2023-12-25 20:44:00,2023-12-25,20:44:00,29,0,Monday,1,1,0,1
645,2023-12-25 20:45:00,2023-12-25,20:45:00,29,0,Monday,1,1,0,1
646,2023-12-25 20:46:00,2023-12-25,20:46:00,29,0,Monday,1,1,0,1
647,2023-12-25 20:47:00,2023-12-25,20:47:00,29,0,Monday,1,1,0,1
648,2023-12-25 20:48:00,2023-12-25,20:48:00,29,0,Monday,1,1,0,1
649,2023-12-25 20:49:00,2023-12-25,20:49:00,29,0,Monday,1,1,0,1
650,2023-12-25 20:50:00,2023-12-25,20:50:00,29,0,Monday,1,1,0,1
651,2023-12-25 20:51:00,2023-12-25,20:51:00,29,0,Monday,1,1,0,1
652,2023-12-25 20:52:00,2023-12-25,20:52:00,29,0,Monday,1,1,0,1
653,2023-12-25 20:53:00,2023-12-25,20:53:00,29,0,Monday,1,1,0,1
654,2023-12-25 20:54:00,2023-12-25,20:54:00,29,0,Monday,1,1,0,1
655,2023-12-25 20:55:00,2023-12-25,20:55:00,29,0,Monday,1,1,0,1
656,2023-12-25 20:56:00,2023-12-25,20:56:00,29,0,Monday,1,1,0,1
657,2023-12-25 20:57:00,2023-12-25,20:57:00,29,0,Monday,1,1,0,1
658,2023-12-25 20:58:00,2023-12-25,20:58:00,29,0,Monday,1,1,0,1
659,2023-12-25 20:59:00,2023-12-25,20:59:00,29,0,Monday,1,1,0,1
660,2023-12-25 21:00:00,2023-12-25,21:00:00,29,0,Monday,1,1,0,1
